Domains,Links
superpages.com.au,17
dlook.com.au,6
aussieweb.com.au,5
webnetwork.com.au,2
fonolist.com,2
ozseolinks.com.au,2
localstore.com.au,2
kazeli.com,2
bowerbird.org.au,2
lifehacker.com.au,2
mootools.net,1
smallbizpages.us,1
lokalee.com,1
ozpostcode.com,1
google.com,1
australian-companies.com,1
aupage.net,1
routeandgo.net,1
hotfrog.com.au,1
iformative.com,1
betterbizlist.com,1
professionalontheweb.com,1
ogoing.com,1
nationaldirectory.com.au,1
weekendnotes.com,1
iglobal.co,1
yeep.com.au,1
tradeford.com,1
smbceo.com,1
